text,category,severity
My husband beats me,Domestic Violence,High
My manager sends inappropriate messages,Workplace Harassment,Medium
Someone blackmailed me online,Cyber Crime,High
They demand money after marriage,Dowry Harassment,Medium
A man follows me daily,Stalking/Threat,Medium
My husband shouts at me daily,Domestic Violence,Low
He insults me in front of others,Domestic Violence,Low
He controls all my money,Domestic Violence,Medium
He does not allow me to meet my parents,Domestic Violence,Medium
He pushes me during arguments,Domestic Violence,Medium
He slapped me yesterday,Domestic Violence,High
He beats me frequently,Domestic Violence,High
He threatened to kill me,Domestic Violence,High
My in-laws torture me mentally,Domestic Violence,Medium
They lock me inside the house,Domestic Violence,High
He forces me to quit my job,Domestic Violence,Medium
He abuses me verbally,Domestic Violence,Low
He broke my phone during a fight,Domestic Violence,Medium
He hits me when he is angry,Domestic Violence,High
I am scared of my husband,Domestic Violence,Medium
My manager sends inappropriate messages,Workplace Harassment,Medium
He makes comments about my appearance,Workplace Harassment,Low
My boss touches me without permission,Workplace Harassment,High
I am asked for favors to get promotion,Workplace Harassment,High
My colleague spreads rumors about me,Workplace Harassment,Medium
They show inappropriate videos at work,Workplace Harassment,Medium
I feel uncomfortable at my office,Workplace Harassment,Low
My supervisor threatens to fire me,Workplace Harassment,High
He keeps staring at me,Workplace Harassment,Low
I receive late night calls from boss,Workplace Harassment,Medium
My salary is reduced unfairly,Workplace Harassment,Medium
They insult me in meetings,Workplace Harassment,Low
I was forced to sit close to him,Workplace Harassment,Medium
He blocked my leave request unfairly,Workplace Harassment,Low
I am mentally stressed due to office behavior,Workplace Harassment,Medium
Someone hacked my social media account,Cyber Crime,Medium
A person is blackmailing me online,Cyber Crime,High
He is threatening to leak my photos,Cyber Crime,High
I received fake job offers asking for money,Cyber Crime,Medium
Someone created a fake profile using my name,Cyber Crime,Medium
I am getting abusive messages online,Cyber Crime,Low
My private pictures were shared without consent,Cyber Crime,High
I am being cyber stalked daily,Cyber Crime,Medium
A stranger is sending obscene videos,Cyber Crime,Medium
Someone is spreading false rumors about me online,Cyber Crime,Low
My bank details were misused,Cyber Crime,High
I am being harassed through emails,Cyber Crime,Low
My WhatsApp was accessed without permission,Cyber Crime,Medium
Someone is demanding money to delete my photos,Cyber Crime,High
I feel unsafe because of online threats,Cyber Crime,Medium
My in-laws demand money from my parents,Dowry Harassment,Medium
They ask for a car after marriage,Dowry Harassment,Medium
I am harassed for bringing less dowry,Dowry Harassment,Medium
My husband threatens divorce for money,Dowry Harassment,High
They torture me for gold and property,Dowry Harassment,High
I am insulted daily for dowry issues,Dowry Harassment,Low
They force my family to pay more money,Dowry Harassment,High
I am beaten because of dowry,Dowry Harassment,High
They refuse to accept me without money,Dowry Harassment,Medium
My husband supports dowry demands,Dowry Harassment,Medium
I feel mentally stressed due to dowry pressure,Dowry Harassment,Medium
They threaten to send me back to my parents,Dowry Harassment,Medium
I am isolated because I did not bring gifts,Dowry Harassment,Low
My in-laws insult my family for dowry,Dowry Harassment,Low
They keep demanding expensive gifts,Dowry Harassment,Medium
A relative touched me inappropriately,Child Abuse,High
My teacher behaves in a wrong way,Child Abuse,Medium
Someone forces me to watch adult content,Child Abuse,High
I am scared of my neighbor,Child Abuse,Medium
He threatened me to stay silent,Child Abuse,High
An adult sends me inappropriate messages,Child Abuse,Medium
I was forced to do something uncomfortable,Child Abuse,High
Someone tries to be alone with me always,Child Abuse,Medium
I am afraid to go to school,Child Abuse,Medium
A man gives me gifts to get close,Child Abuse,Low
I feel unsafe around my uncle,Child Abuse,Medium
Someone shared my photos without permission,Child Abuse,High
I was physically hurt by an adult,Child Abuse,High
I am blackmailed by someone older,Child Abuse,High
An adult talks to me in a disturbing way,Child Abuse,Medium
A man follows me every day,Stalking/Threat,Medium
He waits outside my house,Stalking/Threat,Medium
I receive threatening phone calls,Stalking/Threat,High
Someone sends me death threats,Stalking/Threat,High
A stranger tracks my location,Stalking/Threat,High
He keeps messaging me despite blocking,Stalking/Threat,Medium
I am being watched constantly,Stalking/Threat,Medium
He threatens to harm my family,Stalking/Threat,High
Someone follows me on my way to college,Stalking/Threat,Medium
I feel unsafe walking alone,Stalking/Threat,Low
He creates multiple accounts to contact me,Stalking/Threat,Medium
I am scared of repeated threats,Stalking/Threat,High
Someone damaged my vehicle,Stalking/Threat,Medium
He tries to enter my house forcefully,Stalking/Threat,High
A person waits outside my workplace,Stalking/Threat,Medium
I was touched without consent,Sexual Assault,High
Someone tried to force himself on me,Sexual Assault,High
I was sexually abused,Sexual Assault,High
A man molested me in public,Sexual Assault,High
I was attacked at night,Sexual Assault,High
Someone grabbed me inappropriately,Sexual Assault,High
I feel traumatized after an incident,Sexual Assault,Medium
He forced physical contact,Sexual Assault,High
I was threatened after rejecting him,Sexual Assault,Medium
Someone tried to assault me,Sexual Assault,High
I feel unsafe after being attacked,Sexual Assault,Medium
A stranger touched me in a bus,Sexual Assault,High
I was physically overpowered,Sexual Assault,High
Someone attempted rape,Sexual Assault,High
I am scared after sexual harassment,Sexual Assault,Medium
He throws things at me during fights,Domestic Violence,Medium
My husband threatens to abandon me,Domestic Violence,Medium
He prevents me from talking to neighbors,Domestic Violence,Low
I am not allowed to use my phone,Domestic Violence,Medium
He checks my messages without permission,Domestic Violence,Low
He forced me into physical intimacy,Domestic Violence,High
My in-laws blame me for everything,Domestic Violence,Low
He locked me out of the house at night,Domestic Violence,High
He restricts my access to money,Domestic Violence,Medium
I am slapped when I disagree,Domestic Violence,High
He humiliates me in public,Domestic Violence,Medium
I am threatened with divorce repeatedly,Domestic Violence,Medium
He forces me to ask money from my parents,Domestic Violence,Medium
He broke household items to scare me,Domestic Violence,Medium
I am constantly monitored at home,Domestic Violence,Low
He punched the wall near me to intimidate,Domestic Violence,High
My husband insults my character,Domestic Violence,Low
I am scared to speak in my own house,Domestic Violence,Medium
He forces me to stay silent,Domestic Violence,Medium
He physically hurt me last week,Domestic Violence,High
My supervisor comments on my clothes,Workplace Harassment,Low
I was asked to meet alone after office hours,Workplace Harassment,Medium
He sends me emojis with bad meaning,Workplace Harassment,Low
I was denied promotion unfairly,Workplace Harassment,Medium
My boss spreads false rumors about me,Workplace Harassment,Medium
He tried to hug me without consent,Workplace Harassment,High
I receive inappropriate jokes daily,Workplace Harassment,Low
My performance review was biased,Workplace Harassment,Medium
I am pressured to go out with my manager,Workplace Harassment,High
He threatens to reduce my salary,Workplace Harassment,High
Colleagues isolate me intentionally,Workplace Harassment,Medium
I was yelled at for rejecting advances,Workplace Harassment,Medium
He sends personal messages late at night,Workplace Harassment,Medium
I feel mentally harassed at work,Workplace Harassment,Medium
Someone brushed against me deliberately,Workplace Harassment,High
I am uncomfortable during meetings,Workplace Harassment,Low
He forces friendly behavior,Workplace Harassment,Medium
My ideas are dismissed because I am a woman,Workplace Harassment,Medium
I am being followed inside office premises,Workplace Harassment,High
He tried to hold my hand forcefully,Workplace Harassment,High
Someone keeps sending me threatening emails,Cyber Crime,High
My social media photos were edited badly,Cyber Crime,Medium
I am being harassed through fake accounts,Cyber Crime,Medium
A stranger asks for my personal details,Cyber Crime,Medium
My account password was changed without consent,Cyber Crime,High
Someone is spreading fake news about me online,Cyber Crime,Medium
I am receiving vulgar messages daily,Cyber Crime,Medium
My private chats were leaked,Cyber Crime,High
Someone demands money through online threats,Cyber Crime,High
I was added to inappropriate groups,Cyber Crime,Low
My identity is being misused online,Cyber Crime,High
I am scared of online stalking,Cyber Crime,Medium
Someone shared my number publicly,Cyber Crime,Medium
I am blackmailed with screenshots,Cyber Crime,High
I received fake legal notices online,Cyber Crime,Medium
A stranger is asking for video calls repeatedly,Cyber Crime,Medium
I was hacked after clicking a link,Cyber Crime,High
Someone is morphing my photos,Cyber Crime,High
I get threatening comments on posts,Cyber Crime,Medium
My email was used for fraud,Cyber Crime,High
My husband demands more gold from my parents,Dowry Harassment,Medium
I am pressured to bring money from home,Dowry Harassment,Medium
They insult me for not bringing a car,Dowry Harassment,Low
My in-laws threaten me for property,Dowry Harassment,High
I am forced to ask money from my family,Dowry Harassment,Medium
They say I am useless without dowry,Dowry Harassment,Low
My husband beats me for dowry,Dowry Harassment,High
They demand expensive gifts repeatedly,Dowry Harassment,Medium
I am harassed emotionally for dowry,Dowry Harassment,Medium
They refuse to give me food properly,Dowry Harassment,High
I am threatened to be sent back home,Dowry Harassment,Medium
My in-laws compare me to other brides,Dowry Harassment,Low
They demand money to accept me,Dowry Harassment,Medium
I am tortured mentally for dowry,Dowry Harassment,High
My husband supports their dowry demands,Dowry Harassment,Medium
I am locked in a room for dowry issues,Dowry Harassment,High
They pressure my parents constantly,Dowry Harassment,Medium
I am abused verbally for dowry,Dowry Harassment,Low
They threaten to remarry my husband,Dowry Harassment,High
I am denied basic needs due to dowry,Dowry Harassment,High
An adult touches me in a way I dislike,Child Abuse,High
I am forced to stay alone with someone,Child Abuse,Medium
A relative makes me uncomfortable,Child Abuse,Medium
Someone threatens me to not tell anyone,Child Abuse,High
I am scared to go near my neighbor,Child Abuse,Medium
An adult sends me bad pictures,Child Abuse,High
I am asked to keep secrets about touching,Child Abuse,High
Someone tries to kiss me forcefully,Child Abuse,High
I feel unsafe at tuition classes,Child Abuse,Medium
A man offers gifts for wrong reasons,Child Abuse,Low
I was pushed by an adult,Child Abuse,High
Someone forces me to sit close,Child Abuse,Medium
I am uncomfortable around a family friend,Child Abuse,Medium
I was hit by an older person,Child Abuse,High
Someone scares me to stay silent,Child Abuse,High
I am afraid of a teacher,Child Abuse,Medium
I was touched while sleeping,Child Abuse,High
An adult calls me alone often,Child Abuse,Medium
I feel mentally disturbed due to behavior,Child Abuse,Medium
Someone records me without permission,Child Abuse,High
Someone keeps following me on my route,Stalking/Threat,Medium
I receive unknown threatening messages,Stalking/Threat,High
A man waits outside my college daily,Stalking/Threat,Medium
I am afraid of repeated phone calls,Stalking/Threat,Medium
He threatens to harm me if I reject him,Stalking/Threat,High
Someone watches my house at night,Stalking/Threat,High
I am scared to travel alone,Stalking/Threat,Low
He tries to enter my workplace,Stalking/Threat,High
A stranger sends voice threats,Stalking/Threat,High
I am followed on public transport,Stalking/Threat,Medium
Someone keeps appearing wherever I go,Stalking/Threat,Medium
I feel unsafe due to constant tracking,Stalking/Threat,Medium
He damages my belongings,Stalking/Threat,High
I receive repeated disturbing calls,Stalking/Threat,Medium
Someone threatens my family,Stalking/Threat,High
I am being chased after rejection,Stalking/Threat,Medium
He keeps sending threatening letters,Stalking/Threat,High
I feel mentally stressed due to stalking,Stalking/Threat,Medium
Someone tries to grab me forcefully,Stalking/Threat,High
I am monitored without consent,Stalking/Threat,Medium
I was forced into unwanted physical contact,Sexual Assault,High
A man grabbed me suddenly,Sexual Assault,High
I was attacked while returning home,Sexual Assault,High
Someone tried to undress me,Sexual Assault,High
I was assaulted in a crowded place,Sexual Assault,High
He tried to force intimacy,Sexual Assault,High
I am traumatized after being touched,Sexual Assault,Medium
Someone pushed me against the wall,Sexual Assault,High
I was threatened after resisting,Sexual Assault,Medium
A stranger molested me in a bus,Sexual Assault,High
I was physically restrained,Sexual Assault,High
Someone attempted inappropriate touching,Sexual Assault,High
I feel unsafe after an incident,Sexual Assault,Medium
He tried to overpower me,Sexual Assault,High
I was followed and attacked,Sexual Assault,High
Someone tried to force a kiss,Sexual Assault,Medium
I am emotionally disturbed after assault,Sexual Assault,Medium
I was harmed physically during an attack,Sexual Assault,High
A man tried to drag me,Sexual Assault,High
I feel afraid after sexual violence,Sexual Assault,High
My husband has been physically hurting me for months and I feel trapped,Domestic Violence,High
I am not allowed to leave the house without permission,Domestic Violence,Medium
He constantly threatens to take away my children,Domestic Violence,High
I am emotionally abused and called names daily,Domestic Violence,Medium
He forces me to give him my entire salary,Domestic Violence,Medium
I am scared he might seriously injure me,Domestic Violence,High
My in-laws support his violent behavior,Domestic Violence,High
He isolates me from my friends and family,Domestic Violence,Medium
I feel mentally broken because of his abuse,Domestic Violence,Medium
He broke my belongings to scare me,Domestic Violence,Medium
I am forced into decisions against my will,Domestic Violence,Medium
He humiliates me in front of relatives,Domestic Violence,Low
I am constantly monitored and restricted,Domestic Violence,Medium
He threatens suicide to manipulate me,Domestic Violence,Medium
I fear for my safety every day,Domestic Violence,High
My manager repeatedly makes personal comments about my body and it makes me uncomfortable,Workplace Harassment,Medium
I was told that I would get promoted only if I go out privately with my supervisor,Workplace Harassment,High
My boss sends me inappropriate messages late at night and expects replies,Workplace Harassment,Medium
I am constantly criticized unfairly compared to male colleagues,Workplace Harassment,Medium
He tried to touch my shoulder even after I asked him not to,Workplace Harassment,High
I feel mentally stressed because of repeated harassment in the office,Workplace Harassment,Medium
My ideas are ignored and I am mocked in meetings,Workplace Harassment,Low
I was threatened with job termination after rejecting advances,Workplace Harassment,High
A colleague spreads false rumors to damage my reputation,Workplace Harassment,Medium
I am pressured to dress in a certain way at work,Workplace Harassment,Medium
My supervisor intentionally isolates me from team activities,Workplace Harassment,Medium
I feel unsafe staying late in the office because of someone’s behavior,Workplace Harassment,High
He keeps asking about my personal life in an uncomfortable way,Workplace Harassment,Low
I was forced to sit alone in a cabin with someone against my will,Workplace Harassment,High
My performance ratings were reduced unfairly after I complained,Workplace Harassment,Medium
Someone created fake social media accounts to harass me continuously,Cyber Crime,Medium
I am being blackmailed with private photos that were stolen from my phone,Cyber Crime,High
My personal details were posted publicly without my consent,Cyber Crime,High
A stranger threatens to hack my accounts if I do not respond,Cyber Crime,High
I receive daily abusive messages from unknown numbers,Cyber Crime,Medium
Someone is impersonating me online and damaging my reputation,Cyber Crime,Medium
My confidential information was leaked on the internet,Cyber Crime,High
I am being stalked through social media platforms constantly,Cyber Crime,Medium
A hacker accessed my bank account and withdrew money,Cyber Crime,High
I am scared because someone keeps sending threatening voice notes,Cyber Crime,High
My photos were morphed and circulated online,Cyber Crime,High
I was tricked into sharing OTP and now my account is compromised,Cyber Crime,High
Someone spreads false accusations about me through online posts,Cyber Crime,Medium
I feel unsafe because of repeated cyber threats,Cyber Crime,Medium
My email is flooded with disturbing messages,Cyber Crime,Low
My husband constantly pressures my parents to send more money,Dowry Harassment,Medium
I am beaten whenever dowry demands are not fulfilled,Dowry Harassment,High
My in-laws threaten to throw me out if I do not bring more gold,Dowry Harassment,High
I am insulted daily for bringing less dowry,Dowry Harassment,Low
They compare me with other brides who brought expensive gifts,Dowry Harassment,Low
My husband refuses to support me unless I get money from my family,Dowry Harassment,Medium
I am emotionally tortured because of dowry issues,Dowry Harassment,Medium
They demand property transfer in my husband’s name,Dowry Harassment,High
I am denied food and basic care due to dowry conflicts,Dowry Harassment,High
My parents are being threatened for additional payments,Dowry Harassment,High
I feel mentally exhausted due to continuous dowry harassment,Dowry Harassment,Medium
My in-laws spread rumors about my family for not giving enough dowry,Dowry Harassment,Medium
I am forced to sign financial documents under pressure,Dowry Harassment,High
They say they will remarry my husband if I fail to bring money,Dowry Harassment,High
I am verbally abused regarding dowry every day,Dowry Harassment,Low
A minor girl is being forced into early marriage against her will,Child Abuse,High
A teacher touches a student inappropriately during class,Child Abuse,High
A child is being beaten regularly at home,Child Abuse,Medium
A minor is forced to work instead of going to school,Child Abuse,Medium
A girl under 18 is being emotionally threatened to stay silent,Child Abuse,High
Parents are denying education to their daughter,Child Abuse,Medium
A minor is being sexually harassed by a relative,Child Abuse,High
A child is locked inside the house as punishment,Child Abuse,Medium
A 16-year-old girl is pressured to marry a much older man,Child Abuse,High
A child is constantly verbally abused and insulted,Child Abuse,Low
A minor is being exploited for labor in unsafe conditions,Child Abuse,High
A young girl is being stalked by an adult,Child Abuse,High
A child is threatened if she reports abuse,Child Abuse,High
A minor is denied medical care intentionally,Child Abuse,Medium
A child is emotionally manipulated to hide mistreatment,Child Abuse,Medium
My husband controls all my money and does not allow me to spend anything,Domestic Violence,Medium
I am slapped whenever I question his decisions,Domestic Violence,High
He threatens to harm himself if I try to leave the marriage,Domestic Violence,Medium
My in-laws constantly blame me for small issues and insult me,Domestic Violence,Low
I am not allowed to talk to my friends or family,Domestic Violence,Medium
He forces me to quit my job against my will,Domestic Violence,Medium
I am pushed and physically hurt during arguments,Domestic Violence,High
My husband monitors my phone and messages daily,Domestic Violence,Medium
I am denied medical treatment after being injured,Domestic Violence,High
He locks me inside the house when he goes out,Domestic Violence,High
I am threatened with divorce if I disobey him,Domestic Violence,Medium
He shouts and throws objects at me in anger,Domestic Violence,Medium
I am forced into physical relations without my consent,Domestic Violence,High
My movements are restricted and I need permission to go outside,Domestic Violence,Medium
I am constantly told that I am worthless,Domestic Violence,Low
He destroys my personal belongings during fights,Domestic Violence,Medium
I am scared because he keeps threatening violence,Domestic Violence,High
My husband prevents me from continuing my education,Domestic Violence,Medium
I am pressured to tolerate abuse to protect family honor,Domestic Violence,Medium
He publicly humiliates me in front of relatives,Domestic Violence,Low
I am emotionally blackmailed using my children,Domestic Violence,High
He hides important documents to control me,Domestic Violence,Medium
I am forced to apologize even when I am not wrong,Domestic Violence,Low
My husband records arguments to intimidate me,Domestic Violence,Medium
I feel unsafe living in my own house due to his behavior,Domestic Violence,High
Someone hacked my social media and is posting offensive content,Cyber Crime,High
I am receiving threatening emails demanding money,Cyber Crime,High
My private chat screenshots were shared without permission,Cyber Crime,Medium
A fake profile is spreading false information about me,Cyber Crime,Medium
I am being cyberbullied daily in online groups,Cyber Crime,Medium
Someone edited my photos and uploaded them to shame me,Cyber Crime,High
I am blackmailed to send money or my secrets will be exposed,Cyber Crime,High
A stranger keeps sending inappropriate video calls,Cyber Crime,Medium
My account was used to scam others without my knowledge,Cyber Crime,High
I am constantly tracked through unknown apps,Cyber Crime,High
My password was stolen and my data deleted,Cyber Crime,High
I receive abusive comments every time I post online,Cyber Crime,Medium
Someone threatens to leak my private conversations,Cyber Crime,High
My device was infected with malware after clicking a suspicious link,Cyber Crime,Medium
I am being harassed through anonymous online messages,Cyber Crime,Medium
My bank details were misused after a phishing attack,Cyber Crime,High
I am afraid because someone knows my personal address from online sources,Cyber Crime,High
Fake news about me is circulating on social platforms,Cyber Crime,Medium
I was tricked into sharing confidential documents online,Cyber Crime,High
My online exam account was hacked intentionally,Cyber Crime,Medium
I am receiving repeated OTP requests I did not initiate,Cyber Crime,Medium
Someone threatens to morph my photos if I do not cooperate,Cyber Crime,High
I was added to inappropriate online groups without consent,Cyber Crime,Low
My identity documents were misused digitally,Cyber Crime,High
I feel unsafe due to continuous digital harassment,Cyber Crime,Medium
My manager makes sexist jokes during meetings,Workplace Harassment,Medium
I was denied promotion after rejecting inappropriate proposals,Workplace Harassment,High
A colleague keeps commenting on my appearance daily,Workplace Harassment,Medium
I am excluded from important meetings intentionally,Workplace Harassment,Medium
My supervisor pressures me to stay late alone in the office,Workplace Harassment,High
I receive uncomfortable stares and gestures at work,Workplace Harassment,Medium
My complaints about harassment are ignored by HR,Workplace Harassment,High
A senior employee spreads rumors about my character,Workplace Harassment,Medium
I am forced to tolerate insults to keep my job,Workplace Harassment,Medium
My work is unfairly criticized compared to others,Workplace Harassment,Low
I am repeatedly assigned impossible deadlines as punishment,Workplace Harassment,Medium
A coworker tries to physically invade my personal space,Workplace Harassment,High
I am asked personal questions unrelated to my job,Workplace Harassment,Low
My salary increment was blocked after reporting misconduct,Workplace Harassment,High
I feel mentally exhausted due to toxic behavior at work,Workplace Harassment,Medium
I am threatened with negative reviews if I complain,Workplace Harassment,High
Male colleagues mock my abilities openly,Workplace Harassment,Medium
I was transferred unfairly after raising concerns,Workplace Harassment,High
A superior sends suggestive emojis in official chats,Workplace Harassment,Medium
I am pressured to attend unofficial gatherings unwillingly,Workplace Harassment,Medium
My ideas are stolen and presented by others,Workplace Harassment,Low
I am constantly compared negatively to male employees,Workplace Harassment,Medium
My leave requests are rejected without valid reason,Workplace Harassment,Low
I feel unsafe reporting misconduct due to retaliation fears,Workplace Harassment,High
A coworker blocks my career growth intentionally,Workplace Harassment,Medium
My husband demands a car from my parents after marriage,Dowry Harassment,High
I am constantly reminded that my dowry was insufficient,Dowry Harassment,Medium
My in-laws refuse to let me visit my parents unless money is sent,Dowry Harassment,High
I am verbally abused for not bringing expensive gifts,Dowry Harassment,Medium
They threaten to send me back if I do not fulfill their demands,Dowry Harassment,High
My jewelry was taken away and kept by my in-laws,Dowry Harassment,Medium
I am compared with other daughters-in-law who brought more dowry,Dowry Harassment,Low
My husband insults my family for financial reasons,Dowry Harassment,Medium
I am pressured to ask my parents for property share,Dowry Harassment,High
My in-laws control all financial decisions and exclude me,Dowry Harassment,Medium
I am denied basic household needs as punishment,Dowry Harassment,High
They constantly threaten legal action against my parents,Dowry Harassment,High
I am isolated in the house due to dowry disputes,Dowry Harassment,Medium
My family is humiliated publicly for dowry matters,Dowry Harassment,Medium
I am forced to bring money for household expenses,Dowry Harassment,High
My husband blames me for financial instability,Dowry Harassment,Low
I am told I will be replaced if I do not bring more assets,Dowry Harassment,High
They refuse to support me during pregnancy due to dowry issues,Dowry Harassment,High
My in-laws hide my personal belongings over money conflicts,Dowry Harassment,Medium
I am emotionally blackmailed regarding dowry expectations,Dowry Harassment,Medium
They pressure my parents during every family event for money,Dowry Harassment,High
I am insulted in front of guests about dowry,Dowry Harassment,Medium
My husband threatens separation over financial demands,Dowry Harassment,High
I feel constantly stressed due to dowry harassment,Dowry Harassment,Medium
I am denied participation in family decisions due to dowry conflicts,Dowry Harassment,Low
A minor girl is forced to drop out of school to work,Child Abuse,Medium
A child is physically punished with severe beatings,Child Abuse,High
A relative behaves inappropriately with a young girl,Child Abuse,High
A minor is threatened not to report abuse,Child Abuse,High
A 15-year-old girl is pressured into engagement,Child Abuse,High
A child is deprived of food as punishment,Child Abuse,Medium
Parents force their daughter into domestic labor,Child Abuse,Medium
A child is emotionally manipulated to hide mistreatment,Child Abuse,Medium
A minor girl is stalked repeatedly by an adult neighbor,Child Abuse,High
A child is humiliated publicly as a form of discipline,Child Abuse,Low
A girl under 18 is coerced into unsafe activities,Child Abuse,High
A minor is kept out of school against her will,Child Abuse,Medium
A child is denied medical help despite illness,Child Abuse,High
A guardian threatens a child to remain silent,Child Abuse,High
A minor is forced to handle dangerous work,Child Abuse,High
A child is verbally abused daily at home,Child Abuse,Low
A teenage girl is pressured into marriage discussions,Child Abuse,High
A child is isolated from friends and relatives,Child Abuse,Medium
A minor is exploited for financial gain,Child Abuse,High
A child faces constant psychological intimidation,Child Abuse,Medium
A young girl is denied access to education due to gender bias,Child Abuse,Medium
A child is physically restrained as punishment,Child Abuse,High
A minor is exposed to harmful environments intentionally,Child Abuse,High
A child is forced to beg on the streets,Child Abuse,High
A young girl is silenced when she reports inappropriate behavior,Child Abuse,High
My husband threatens to throw me out of the house during arguments,Domestic Violence,High
I am constantly blamed for things I did not do,Domestic Violence,Low
He forces me to hand over my salary every month,Domestic Violence,Medium
I am scared because he breaks things when angry,Domestic Violence,Medium
My husband prevents me from talking to neighbors,Domestic Violence,Medium
I am slapped and pushed during fights,Domestic Violence,High
He insults my character without any reason,Domestic Violence,Low
I am threatened that my children will be taken away,Domestic Violence,High
My husband forces me to sign documents without explaining them,Domestic Violence,High
I feel emotionally drained due to constant humiliation at home,Domestic Violence,Medium
Someone is sending me threatening messages demanding money online,Cyber Crime,High
My social media account was accessed without my permission,Cyber Crime,Medium
A fake profile is using my photos to harass others,Cyber Crime,High
I am receiving repeated abusive comments on my posts,Cyber Crime,Medium
Someone shared my private number publicly on the internet,Cyber Crime,High
I was tricked into clicking a link and lost access to my account,Cyber Crime,Medium
A person threatens to leak my pictures if I do not comply,Cyber Crime,High
I am being harassed through anonymous chat applications,Cyber Crime,Medium
My email was hacked and confidential data was stolen,Cyber Crime,High
I feel unsafe because someone keeps tracking my online activity,Cyber Crime,High
My supervisor makes inappropriate jokes about women in meetings,Workplace Harassment,Medium
I was told to dress differently to get better opportunities,Workplace Harassment,Medium
A senior colleague touches me unnecessarily while talking,Workplace Harassment,High
I am threatened with poor performance reviews if I complain,Workplace Harassment,High
My manager sends personal messages unrelated to work,Workplace Harassment,Medium
I am excluded from team discussions intentionally,Workplace Harassment,Medium
A coworker spreads rumors about my personal life,Workplace Harassment,Medium
I was denied training opportunities without valid reason,Workplace Harassment,Low
I feel uncomfortable due to repeated unwanted compliments,Workplace Harassment,Medium
I am pressured to tolerate disrespectful behavior to keep my job,Workplace Harassment,High
My in-laws demand cash every month from my parents,Dowry Harassment,High
I am insulted for not bringing enough jewelry,Dowry Harassment,Medium
My husband threatens to leave me if I do not bring more money,Dowry Harassment,High
I am forced to ask my parents for financial help repeatedly,Dowry Harassment,Medium
My in-laws taunt me daily about dowry,Dowry Harassment,Low
They demand expensive household items from my family,Dowry Harassment,High
I am emotionally pressured regarding property transfer,Dowry Harassment,High
My family is publicly embarrassed over dowry issues,Dowry Harassment,Medium
I am denied support unless additional gifts are provided,Dowry Harassment,High
My husband blames me for not fulfilling dowry expectations,Dowry Harassment,Medium
A minor girl is forced to stay at home and not attend school,Child Abuse,Medium
A child is beaten severely for small mistakes,Child Abuse,High
A relative behaves inappropriately with a young child,Child Abuse,High
A minor is threatened if she tells anyone about mistreatment,Child Abuse,High
A 14-year-old girl is pressured into marriage talks,Child Abuse,High
A child is denied food as punishment,Child Abuse,Medium
Parents force their daughter to work instead of studying,Child Abuse,Medium
A minor is verbally abused and insulted daily,Child Abuse,Low
A child is locked in a room for long hours,Child Abuse,High
A young girl is silenced when reporting harassment,Child Abuse,High
My husband prevents me from visiting my parents without permission,Domestic Violence,Medium
My partner controls who I can speak to on the phone,Domestic Violence,Medium
I am not allowed to go outside alone,Domestic Violence,Medium
My husband monitors all my social media accounts,Domestic Violence,Medium
I must ask permission before spending any money,Domestic Violence,Medium
He restricts my access to family gatherings,Domestic Violence,Medium
I am forced to share my passwords with him,Domestic Violence,Medium
He checks my phone daily and questions every message,Domestic Violence,Medium
My movements are constantly tracked by my spouse,Domestic Violence,Medium
I am not allowed to continue my education,Domestic Violence,Medium
My husband constantly insults my character,Domestic Violence,Low
I am told I am useless and incapable,Domestic Violence,Low
He humiliates me in front of guests,Domestic Violence,Low
My spouse blames me for every problem in the house,Domestic Violence,Low
I am emotionally manipulated to feel guilty,Domestic Violence,Medium
He threatens to leave me if I disagree,Domestic Violence,Medium
I am compared negatively with other women,Domestic Violence,Low
My husband shouts at me for minor issues,Domestic Violence,Medium
I am mocked for my education level,Domestic Violence,Low
He spreads false accusations about me to relatives,Domestic Violence,Medium
My husband takes my entire salary every month,Domestic Violence,Medium
I am denied access to my own bank account,Domestic Violence,High
He forces me to sign financial documents without explanation,Domestic Violence,High
I am not allowed to work despite wanting to,Domestic Violence,Medium
My spouse hides financial information from me,Domestic Violence,Medium
I am threatened if I ask about household expenses,Domestic Violence,Medium
He refuses to provide money for basic needs,Domestic Violence,High
I am pressured to give my savings to him,Domestic Violence,Medium
My husband controls all property documents,Domestic Violence,High
I am financially dependent because he forbids employment,Domestic Violence,Medium
My husband pushes me during arguments,Domestic Violence,High
I am slapped when I question him,Domestic Violence,High
He throws objects at me in anger,Domestic Violence,High
I am physically hurt during fights,Domestic Violence,High
My spouse threatens to beat me,Domestic Violence,High
I have visible injuries due to domestic fights,Domestic Violence,High
He locks me inside the house as punishment,Domestic Violence,High
I am afraid he may seriously harm me,Domestic Violence,High
My husband grabs me forcefully during disputes,Domestic Violence,High
I am physically restrained when trying to leave,Domestic Violence,High
My husband threatens me during pregnancy,Domestic Violence,High
I am denied medical care while expecting a child,Domestic Violence,High
He pressures me to have a child against my will,Domestic Violence,High
I am blamed for not having a male child,Domestic Violence,Medium
My spouse insults me about infertility issues,Domestic Violence,Medium
I am forced to do heavy work during pregnancy,Domestic Violence,High
He refuses hospital visits when I am unwell,Domestic Violence,High
I am threatened if I discuss health problems,Domestic Violence,Medium
My husband forces decisions about childbirth,Domestic Violence,High
I am emotionally abused during pregnancy,Domestic Violence,Medium
He uses my children to control me,Domestic Violence,High
I am threatened that my children will be taken away,Domestic Violence,High
My spouse manipulates my children against me,Domestic Violence,Medium
I am prevented from meeting my children freely,Domestic Violence,High
He insults me in front of my children,Domestic Violence,Medium
I am forced to tolerate abuse for my children’s future,Domestic Violence,Medium
My husband threatens custody to silence me,Domestic Violence,High
I am pressured to stay silent for the children,Domestic Violence,Medium
He scares my children to control me,Domestic Violence,High
I am blamed for my child’s mistakes aggressively,Domestic Violence,Medium
My husband isolates me from relatives,Domestic Violence,Medium
I am not allowed to attend family events,Domestic Violence,Medium
He prevents me from speaking to neighbors,Domestic Violence,Medium
I am monitored whenever I leave the house,Domestic Violence,Medium
My spouse restricts my social interactions,Domestic Violence,Medium
I am forced to stay inside most of the time,Domestic Violence,Medium
He insults me publicly to embarrass me,Domestic Violence,Medium
I am denied participation in social gatherings,Domestic Violence,Low
My husband threatens me if I talk to others,Domestic Violence,High
I feel socially isolated due to his control,Domestic Violence,Medium
He threatens self-harm to manipulate me,Domestic Violence,Medium
I am constantly intimidated by his anger,Domestic Violence,Medium
My spouse breaks household items to scare me,Domestic Violence,High
I am threatened with violence during arguments,Domestic Violence,High
He stares at me aggressively to frighten me,Domestic Violence,Medium
I am warned not to report his behavior,Domestic Violence,High
My husband records private conversations to threaten me,Domestic Violence,Medium
I am told I will regret speaking up,Domestic Violence,High
He threatens my family members indirectly,Domestic Violence,High
I feel constant fear in my own home,Domestic Violence,High
My husband insults my appearance daily,Domestic Violence,Low
I am mocked for my background,Domestic Violence,Low
He humiliates me over household tasks,Domestic Violence,Low
I am forced to apologize even when innocent,Domestic Violence,Low
My spouse spreads lies about my behavior,Domestic Violence,Medium
I am emotionally pressured to obey him,Domestic Violence,Medium
He threatens divorce repeatedly,Domestic Violence,Medium
I am compared negatively to his relatives,Domestic Violence,Low
My husband criticizes everything I do,Domestic Violence,Low
I feel emotionally trapped in the marriage,Domestic Violence,Medium
He controls what I wear daily,Domestic Violence,Medium
I am forced to change my lifestyle against my will,Domestic Violence,Medium
My husband decides who I can meet,Domestic Violence,Medium
I am denied privacy in my own room,Domestic Violence,Medium
He constantly checks my call history,Domestic Violence,Medium
I am questioned aggressively about small issues,Domestic Violence,Medium
My spouse demands obedience without discussion,Domestic Violence,Medium
I am pressured to give up personal hobbies,Domestic Violence,Low
He interferes in all personal decisions,Domestic Violence,Medium
I feel controlled in every aspect of life,Domestic Violence,Medium
My husband pushes me against walls during fights,Domestic Violence,High
I am hit when he loses his temper,Domestic Violence,High
He threatens to use weapons during arguments,Domestic Violence,High
I am injured during violent disputes,Domestic Violence,High
My spouse grabs my arms forcefully,Domestic Violence,High
I am locked in rooms during conflicts,Domestic Violence,High
He blocks the door to prevent me from leaving,Domestic Violence,High
I am shaken violently when we argue,Domestic Violence,High
My husband intimidates me physically,Domestic Violence,High
I fear serious physical harm,Domestic Violence,High
He withholds money to punish me,Domestic Violence,Medium
I am denied funds for children’s needs,Domestic Violence,High
My husband forces financial dependency,Domestic Violence,Medium
I am threatened if I ask for financial transparency,Domestic Violence,Medium
He hides my identity documents,Domestic Violence,High
I am not allowed access to joint accounts,Domestic Violence,High
My spouse takes loans without informing me,Domestic Violence,Medium
I am pressured to bring money from parents,Domestic Violence,Medium
He confiscates my earnings,Domestic Violence,Medium
I feel financially trapped,Domestic Violence,Medium
My husband blames me for family problems,Domestic Violence,Low
I am constantly accused without reason,Domestic Violence,Low
He uses silent treatment for days,Domestic Violence,Low
I am mentally stressed due to daily conflicts,Domestic Violence,Medium
My spouse insults my intelligence,Domestic Violence,Low
I am forced to tolerate insults,Domestic Violence,Low
He threatens to abandon me financially,Domestic Violence,Medium
I feel worthless due to repeated abuse,Domestic Violence,Medium
My husband discourages my career growth,Domestic Violence,Medium
I am pressured to quit my job,Domestic Violence,Medium
He forbids me from attending training programs,Domestic Violence,Medium
I am stopped from learning new skills,Domestic Violence,Low
My spouse prevents business activities,Domestic Violence,Medium
I am denied professional opportunities,Domestic Violence,Medium
He forces relocation to isolate me,Domestic Violence,Medium
I am pressured to avoid colleagues,Domestic Violence,Medium
My husband blocks career communication,Domestic Violence,Medium
I am discouraged from financial independence,Domestic Violence,Medium
He threatens to harm pets to scare me,Domestic Violence,High
I am frightened by his unpredictable behavior,Domestic Violence,High
My spouse threatens public humiliation,Domestic Violence,Medium
I am warned not to seek legal help,Domestic Violence,High
He pressures me to withdraw complaints,Domestic Violence,High
I am told police will not support me,Domestic Violence,Medium
My husband threatens social defamation,Domestic Violence,Medium
I am blackmailed emotionally,Domestic Violence,Medium
He threatens to ruin my reputation,Domestic Violence,Medium
I live in constant anxiety due to his aggression,Domestic Violence,High
My spouse isolates me during festivals,Domestic Violence,Medium
I am denied communication with siblings,Domestic Violence,Medium
He forces silence about family disputes,Domestic Violence,Medium
I am emotionally threatened daily,Domestic Violence,Medium
My husband uses fear as control,Domestic Violence,High
I am intimidated to obey him,Domestic Violence,Medium
He prevents me from filing complaints,Domestic Violence,High
I am pressured to withdraw from social life,Domestic Violence,Medium
My spouse humiliates me privately,Domestic Violence,Medium
I am constantly under psychological pressure,Domestic Violence,Medium
Someone hacked my social media and posted offensive content,Cyber Crime,High
I received threatening emails demanding money,Cyber Crime,High
My private chat screenshots were shared without consent,Cyber Crime,Medium
A fake profile is spreading false information about me,Cyber Crime,Medium
I am being cyberbullied on online forums,Cyber Crime,Medium
My photos were morphed and shared online,Cyber Crime,High
I am blackmailed to send money or secrets will be exposed,Cyber Crime,High
Someone keeps sending inappropriate video calls,Cyber Crime,Medium
My account was used to scam others,Cyber Crime,High
I am being tracked through unknown apps,Cyber Crime,High
My password was stolen and my data deleted,Cyber Crime,High
I receive abusive comments every time I post,Cyber Crime,Medium
Someone threatens to leak my private conversations,Cyber Crime,High
My device was infected with malware after a link,Cyber Crime,Medium
I am harassed through anonymous online messages,Cyber Crime,Medium
My bank details were misused after phishing,Cyber Crime,High
I am afraid because someone knows my home address,Cyber Crime,High
Fake news about me is circulating online,Cyber Crime,Medium
I was tricked into sharing confidential documents,Cyber Crime,High
My email was hacked and confidential data stolen,Cyber Crime,High
Someone keeps logging into my account without permission,Cyber Crime,Medium
I receive repeated OTP requests I did not initiate,Cyber Crime,Medium
A person is impersonating me online to scam people,Cyber Crime,High
My online exam account was hacked,Cyber Crime,Medium
Someone is spreading rumors about me through messages,Cyber Crime,Medium
I am being stalked on social media,Cyber Crime,Medium
My social media posts are edited and misused,Cyber Crime,High
I am threatened with leaking private photos,Cyber Crime,High
A stranger is blackmailing me using my personal data,Cyber Crime,High
My accounts are constantly attacked by hackers,Cyber Crime,High
Someone created a fake identity in my name,Cyber Crime,Medium
I am receiving phishing emails frequently,Cyber Crime,Medium
My confidential information is posted publicly,Cyber Crime,High
I was tricked into sharing OTPs and lost account access,Cyber Crime,High
Someone spreads false accusations about me online,Cyber Crime,Medium
My device was remotely accessed without consent,Cyber Crime,High
I feel unsafe due to continuous cyber threats,Cyber Crime,Medium
A stranger sends me threatening voice notes,Cyber Crime,High
My private emails were read without permission,Cyber Crime,High
Someone is tracking my location through apps,Cyber Crime,High
I am forced to click suspicious links under pressure,Cyber Crime,High
Someone posts personal information about me online,Cyber Crime,Medium
I am harassed through social media groups,Cyber Crime,Medium
My online identity is stolen,Cyber Crime,High
I receive threatening messages every day,Cyber Crime,High
My bank account was accessed without authorization,Cyber Crime,High
Someone is threatening to ruin my reputation online,Cyber Crime,Medium
My confidential documents were leaked,Cyber Crime,High
A stranger threatens me to post private information,Cyber Crime,High
My photos were uploaded without consent,Cyber Crime,High
I am harassed through multiple online platforms,Cyber Crime,Medium
Someone created fake posts about me,Cyber Crime,Medium
I receive spam threatening my personal safety,Cyber Crime,Medium
My social media was hacked and misused,Cyber Crime,High
Someone threatens my friends to influence me,Cyber Crime,Medium
I am stalked via online tracking apps,Cyber Crime,High
A hacker is blackmailing me using screenshots,Cyber Crime,High
I receive constant threatening emails,Cyber Crime,Medium
My identity is being impersonated online,Cyber Crime,Medium
Someone spreads rumors about my family online,Cyber Crime,Medium
I am pressured to share personal passwords,Cyber Crime,High
My online accounts are targeted daily,Cyber Crime,High
I am threatened with cyber defamation,Cyber Crime,High
Someone publishes my personal photos online,Cyber Crime,High
I am harassed with abusive comments online,Cyber Crime,Medium
My email password was stolen,Cyber Crime,High
Someone is threatening to expose private conversations,Cyber Crime,High
I am constantly monitored online,Cyber Crime,Medium
My account was hacked multiple times,Cyber Crime,High
Someone impersonates me to send malicious links,Cyber Crime,High
I receive repeated phishing attempts,Cyber Crime,Medium
My online identity is compromised,Cyber Crime,High
I am scared to post anything online,Cyber Crime,Medium
Someone threatens to leak my personal information,Cyber Crime,High
My photos are shared in fake profiles,Cyber Crime,High
I receive anonymous threatening messages,Cyber Crime,Medium
My confidential files were accessed illegally,Cyber Crime,High
Someone threatens to defame me online,Cyber Crime,High
I am blackmailed using my personal emails,Cyber Crime,High
A hacker stole sensitive data from me,Cyber Crime,High
Someone impersonates me to scam others,Cyber Crime,High
I am pressured to click unsafe links,Cyber Crime,Medium
My social accounts are used without permission,Cyber Crime,High
I receive fake messages in my name,Cyber Crime,Medium
My online posts are manipulated maliciously,Cyber Crime,Medium
Someone hacks my devices repeatedly,Cyber Crime,High
I am threatened through fake online profiles,Cyber Crime,High
My personal photos are used inappropriately,Cyber Crime,High
I am scared of online stalking,Cyber Crime,Medium
Someone threatens to hack my bank account,Cyber Crime,High
My confidential chat messages were exposed,Cyber Crime,High
I receive daily cyberbullying messages,Cyber Crime,Medium
Someone spreads false information about me online,Cyber Crime,Medium
I feel unsafe sharing personal info online,Cyber Crime,Medium
My accounts are hacked to harass me,Cyber Crime,High
I am threatened via anonymous social profiles,Cyber Crime,High
Someone misuses my online identity,Cyber Crime,High
I receive constant cyber threats at work,Cyber Crime,Medium
My private photos are being circulated online,Cyber Crime,High
Someone impersonates me to harm my reputation,Cyber Crime,High
I am blackmailed using personal data online,Cyber Crime,High
My devices are hacked without my knowledge,Cyber Crime,High
I receive malicious messages threatening me,Cyber Crime,Medium
Someone spreads rumors using my identity,Cyber Crime,Medium
I am pressured to share confidential information,Cyber Crime,High
My email account is repeatedly hacked,Cyber Crime,High
I feel threatened due to online harassment,Cyber Crime,Medium
Someone threatens my family using online accounts,Cyber Crime,High
My private files are shared illegally,Cyber Crime,High
I am constantly attacked by hackers,Cyber Crime,High
Someone impersonates me on social platforms,Cyber Crime,High
I am scared of online blackmail,Cyber Crime,High
My social media is misused to defame me,Cyber Crime,High
Someone steals personal info to threaten me,Cyber Crime,High
I am harassed with false online accusations,Cyber Crime,Medium
My accounts are compromised repeatedly,Cyber Crime,High
Someone posts manipulated content using my identity,Cyber Crime,High
I am threatened through fake emails,Cyber Crime,Medium
My photos are misused on social networks,Cyber Crime,High
Someone hacks my accounts for revenge,Cyber Crime,High
I am constantly monitored without consent,Cyber Crime,High
My private conversations are leaked,Cyber Crime,High
Someone threatens me using hacked data,Cyber Crime,High
I am blackmailed online daily,Cyber Crime,High
My social accounts are attacked repeatedly,Cyber Crime,High
Someone misuses my online identity to threaten others,Cyber Crime,High
I feel unsafe posting online due to threats,Cyber Crime,Medium
My personal emails are used to harm me,Cyber Crime,High
Someone sends threats in my name,Cyber Crime,High
I am afraid of cyber fraud targeting me,Cyber Crime,High
My devices are compromised remotely,Cyber Crime,High
Someone spreads manipulated messages online,Cyber Crime,Medium
I am threatened to share sensitive info,Cyber Crime,High
My online posts are used against me,Cyber Crime,Medium
Someone misuses my identity to harm reputation,Cyber Crime,High
I am constantly harassed via social networks,Cyber Crime,Medium
My private accounts are accessed illegally,Cyber Crime,High
Someone threatens me using fake online profiles,Cyber Crime,High
I am blackmailed using hacked personal files,Cyber Crime,High
My accounts are used to defame me,Cyber Crime,High
Someone spreads fake news about me online,Cyber Crime,Medium
I feel unsafe using digital platforms,Cyber Crime,Medium
My personal info is stolen and shared online,Cyber Crime,High
Someone hacks my accounts to manipulate me,Cyber Crime,High
I am pressured to give personal info online,Cyber Crime,Medium
My private chats are shared without consent,Cyber Crime,High
Someone misuses my identity to blackmail me,Cyber Crime,High
I am afraid to use online platforms,Cyber Crime,Medium
My social profiles are impersonated,Cyber Crime,High
Someone threatens to reveal personal info online,Cyber Crime,High
I feel constantly monitored on digital platforms,Cyber Crime,Medium
My accounts are repeatedly attacked by hackers,Cyber Crime,High
Someone sends fake threats pretending to be me,Cyber Crime,High
I am harassed online daily,Cyber Crime,Medium
My online data is stolen and misused,Cyber Crime,High
Someone impersonates me to scam people,Cyber Crime,High
I receive continuous threatening messages,Cyber Crime,High
My emails are accessed illegally,Cyber Crime,High
Someone spreads fake content using my identity,Cyber Crime,High
I am blackmailed online constantly,Cyber Crime,High
My accounts are attacked repeatedly for revenge,Cyber Crime,High
Someone threatens me using stolen personal data,Cyber Crime,High
I am harassed through fake social accounts,Cyber Crime,High
My devices are hacked to monitor me,Cyber Crime,High
Someone impersonates me to harm my reputation,Cyber Crime,High
I feel unsafe online due to constant threats,Cyber Crime,High
My private files are accessed and shared,Cyber Crime,High
Someone misuses my online identity for blackmail,Cyber Crime,High
I am constantly threatened on social media,Cyber Crime,High
My accounts are compromised repeatedly,Cyber Crime,High
My husband constantly threatens to abandon me if I do not obey him,Domestic Violence,High
I am emotionally blackmailed using my children to control my behavior,Domestic Violence,High
My supervisor makes inappropriate comments about my appearance,Workplace Harassment,Medium
A senior colleague pressures me to attend after-work social events,Workplace Harassment,Medium
I am excluded from important team meetings,Workplace Harassment,Medium
My manager threatens negative performance reviews if I complain,Workplace Harassment,High
I receive personal messages from a superior unrelated to work,Workplace Harassment,Medium
A coworker spreads rumors about my personal life,Workplace Harassment,Medium
I am denied training opportunities without explanation,Workplace Harassment,Low
My ideas are taken by colleagues and presented as their own,Workplace Harassment,Low
I am mocked during meetings for my suggestions,Workplace Harassment,Low
A senior employee constantly interrupts me during discussions,Workplace Harassment,Medium
My supervisor makes sexist jokes in front of the team,Workplace Harassment,Medium
I am asked personal questions that make me uncomfortable,Workplace Harassment,Low
A colleague touches me unnecessarily during work,Workplace Harassment,High
I feel intimidated by constant negative feedback,Workplace Harassment,Medium
My requests for leave are rejected without reason,Workplace Harassment,Low
I am assigned impossible deadlines to humiliate me,Workplace Harassment,Medium
A senior threatens demotion if I do not comply,Workplace Harassment,High
I am publicly criticized for mistakes that others make,Workplace Harassment,Medium
I feel isolated because coworkers avoid me intentionally,Workplace Harassment,Medium
My supervisor sends suggestive emojis in official chats,Workplace Harassment,Medium
I am pressured to tolerate offensive behavior to keep my job,Workplace Harassment,High
A coworker undermines my work to make me look incompetent,Workplace Harassment,Medium
I am forced to work overtime without consent,Workplace Harassment,Medium
My opinions are ignored in team decisions,Workplace Harassment,Low
A senior employee blocks my career growth,Workplace Harassment,Medium
I am denied recognition for my achievements,Workplace Harassment,Low
I receive constant criticism for minor errors,Workplace Harassment,Medium
My supervisor threatens job loss if I report harassment,Workplace Harassment,High
A colleague spreads false accusations about me,Workplace Harassment,Medium
I am made fun of for my gender by coworkers,Workplace Harassment,Medium
My supervisor uses intimidation to influence my decisions,Workplace Harassment,High
I am warned not to speak up about unfair treatment,Workplace Harassment,High
A colleague constantly stares at me uncomfortably,Workplace Harassment,Medium
I am asked to perform tasks outside my role repeatedly,Workplace Harassment,Medium
My suggestions are dismissed and credited to someone else,Workplace Harassment,Low
I am threatened with negative references if I complain,Workplace Harassment,High
A senior employee mocks my professional background,Workplace Harassment,Low
I feel unsafe reporting misconduct to HR,Workplace Harassment,High
I am forced to work in an uncomfortable environment,Workplace Harassment,Medium
My contributions are ignored in project meetings,Workplace Harassment,Low
A colleague spreads rumors about my family,Workplace Harassment,Medium
I am denied promotion despite good performance,Workplace Harassment,High
My supervisor pressures me to socialize outside work,Workplace Harassment,Medium
I am constantly interrupted in presentations,Workplace Harassment,Medium
A coworker teases me about my clothing choices,Workplace Harassment,Low
I am excluded from team communications intentionally,Workplace Harassment,Medium
My supervisor publicly criticizes my work,Workplace Harassment,Medium
I am warned of job loss if I do not comply with requests,Workplace Harassment,High
A colleague pressures me to do personal favors,Workplace Harassment,Medium
I feel stressed due to constant workplace intimidation,Workplace Harassment,Medium
My suggestions are belittled in meetings,Workplace Harassment,Low
A senior employee mocks me in front of others,Workplace Harassment,Low
I am threatened with demotion for raising concerns,Workplace Harassment,High
My manager ignores complaints about harassment,Workplace Harassment,High
A coworker constantly mocks my work style,Workplace Harassment,Medium
I am pressured to accept inappropriate behavior,Workplace Harassment,High
My ideas are dismissed in favor of male colleagues,Workplace Harassment,Medium
I am forced to tolerate offensive jokes,Workplace Harassment,Medium
A senior questions my competence unfairly,Workplace Harassment,Medium
I am warned to keep quiet about misconduct,Workplace Harassment,High
A colleague spreads false information about my projects,Workplace Harassment,Medium
I feel emotionally exhausted due to workplace bullying,Workplace Harassment,Medium
My supervisor asks personal questions about my family,Workplace Harassment,Low
I am pressured to work beyond office hours frequently,Workplace Harassment,Medium
A coworker mocks me for mistakes that are minor,Workplace Harassment,Medium
I am denied feedback that others receive,Workplace Harassment,Low
My contributions are ignored in front of clients,Workplace Harassment,Medium
A senior pressures me to accept inappropriate attention,Workplace Harassment,High
I am threatened with poor reviews if I refuse favors,Workplace Harassment,High
My supervisor blocks opportunities for career growth,Workplace Harassment,High
I feel unsafe due to sexual harassment at work,Workplace Harassment,High
A colleague spreads rumors about my personal life,Workplace Harassment,Medium
I am pressured to work in unsafe conditions,Workplace Harassment,High
My performance is criticized unfairly,Workplace Harassment,Medium
A senior mocks me for asking questions,Workplace Harassment,Low
I am constantly compared to other employees negatively,Workplace Harassment,Medium
My opinions are dismissed publicly,Workplace Harassment,Medium
A coworker intimidates me daily,Workplace Harassment,High
I am pressured to accept unequal treatment,Workplace Harassment,High
My supervisor makes inappropriate gestures,Workplace Harassment,High
I am denied work flexibility available to others,Workplace Harassment,Low
A colleague spreads rumors about my career,Workplace Harassment,Medium
I am threatened with negative consequences for complaints,Workplace Harassment,High
My supervisor isolates me from team discussions,Workplace Harassment,Medium
I am pressured to accept personal intrusions,Workplace Harassment,Medium
A senior employee mocks my abilities in meetings,Workplace Harassment,Low
I am denied mentorship opportunities,Workplace Harassment,Low
My manager humiliates me publicly,Workplace Harassment,Medium
I feel unsafe due to repeated intimidation,Workplace Harassment,High
A colleague spreads false accusations to damage my reputation,Workplace Harassment,Medium
I am forced to work under unfair pressure,Workplace Harassment,Medium
My ideas are stolen and credited to others,Workplace Harassment,Medium
I am pressured to perform tasks outside my role,Workplace Harassment,Medium
A senior employee pressures me for personal attention,Workplace Harassment,High
I am constantly monitored at work,Workplace Harassment,Medium
My supervisor criticizes minor mistakes excessively,Workplace Harassment,Medium
A coworker mocks me repeatedly,Workplace Harassment,Low
I feel mentally exhausted due to toxic behavior,Workplace Harassment,Medium
My contributions are dismissed while others are praised,Workplace Harassment,Medium
I am threatened for refusing inappropriate requests,Workplace Harassment,High
A senior employee intimidates me publicly,Workplace Harassment,High
I am denied recognition for achievements,Workplace Harassment,Low
I feel unsafe reporting harassment to HR,Workplace Harassment,High
A colleague pressures me to accept unfair treatment,Workplace Harassment,High
I am emotionally drained due to workplace bullying,Workplace Harassment,Medium
My manager refuses to address harassment complaints,Workplace Harassment,High
I am pressured to attend personal events unwillingly,Workplace Harassment,Medium
A coworker mocks me for being female,Workplace Harassment,Medium
I am constantly interrupted in discussions,Workplace Harassment,Medium
My work is criticized unfairly,Workplace Harassment,Medium
I feel socially isolated at work,Workplace Harassment,Medium
A senior threatens my job for refusing favors,Workplace Harassment,High
I am denied feedback on performance,Workplace Harassment,Low
My suggestions are ignored in meetings,Workplace Harassment,Low
A colleague intimidates me during projects,Workplace Harassment,Medium
I am pressured to comply with inappropriate requests,Workplace Harassment,High
My manager belittles me publicly,Workplace Harassment,Medium
I feel unsafe due to constant workplace threats,Workplace Harassment,High
A senior spreads false rumors about me,Workplace Harassment,Medium
I am denied professional growth opportunities,Workplace Harassment,High
My contributions are stolen by colleagues,Workplace Harassment,Medium
I feel constantly criticized,Workplace Harassment,Medium
A coworker pressures me to tolerate offensive jokes,Workplace Harassment,Medium
My supervisor uses fear to control me,Workplace Harassment,High
I am pressured to accept unequal treatment,Workplace Harassment,High
A colleague intimidates me during meetings,Workplace Harassment,Medium
I feel constantly monitored and evaluated,Workplace Harassment,Medium
My work is unfairly scrutinized,Workplace Harassment,Medium
I am forced to accept personal favors,Workplace Harassment,High
A senior threatens to damage my reputation,Workplace Harassment,High
I am pressured to work beyond my limits,Workplace Harassment,Medium
My contributions are ignored repeatedly,Workplace Harassment,Medium
I feel mentally exhausted due to repeated bullying,Workplace Harassment,Medium
My manager mocks my professional abilities,Workplace Harassment,Low
A colleague pressures me to accept harassment,Workplace Harassment,High
I am excluded from training opportunities,Workplace Harassment,Low
I am constantly intimidated by senior employees,Workplace Harassment,High
My opinions are ignored in official meetings,Workplace Harassment,Medium
I am pressured to accept inappropriate behavior,Workplace Harassment,High
A senior mocks me for small mistakes,Workplace Harassment,Low
I feel unsafe in my workplace due to harassment,Workplace Harassment,High
My in-laws demand more money than agreed at marriage,Dowry Harassment,High
I am insulted for not bringing enough jewelry,Dowry Harassment,Medium
My husband threatens to leave me if I do not bring more gifts,Dowry Harassment,High
I am forced to ask my parents for extra money repeatedly,Dowry Harassment,Medium
My in-laws taunt me daily about dowry,Dowry Harassment,Low
They demand expensive household items from my family,Dowry Harassment,High
I am emotionally pressured regarding property transfer,Dowry Harassment,High
My family is publicly embarrassed over dowry issues,Dowry Harassment,Medium
I am denied support unless additional gifts are provided,Dowry Harassment,High
My husband blames me for not fulfilling dowry expectations,Dowry Harassment,Medium
I am forced to sign property documents against my will,Dowry Harassment,High
My in-laws constantly compare me to wealthier daughters-in-law,Dowry Harassment,Medium
I am ridiculed for my family’s financial status,Dowry Harassment,Medium
My husband threatens divorce over dowry issues,Dowry Harassment,High
I am forced to sell family valuables to meet demands,Dowry Harassment,High
My in-laws criticize my parenting due to dowry,Dowry Harassment,Medium
I am pressured to bring cash or valuables monthly,Dowry Harassment,High
My husband insults my parents for not giving more dowry,Dowry Harassment,Medium
I am humiliated during family gatherings for dowry,Dowry Harassment,Medium
My in-laws restrict my access to household funds,Dowry Harassment,High
I am blamed for not bringing enough gold ornaments,Dowry Harassment,Medium
My husband threatens me with property loss,Dowry Harassment,High
I am forced to borrow money to meet dowry demands,Dowry Harassment,High
My in-laws make derogatory remarks about my education,Dowry Harassment,Medium
I feel emotionally trapped due to constant financial pressure,Dowry Harassment,Medium
My family is insulted if I cannot provide requested items,Dowry Harassment,Medium
I am pressured to give gifts to meet expectations,Dowry Harassment,Medium
My husband criticizes me for not bringing modern appliances,Dowry Harassment,Medium
I am constantly compared to wealthier relatives,Dowry Harassment,Medium
My in-laws demand lavish celebrations funded by my family,Dowry Harassment,High
I am forced to apologize to satisfy dowry expectations,Dowry Harassment,Medium
My husband threatens to send me back to my parents,Dowry Harassment,High
I am coerced into taking loans to meet dowry demands,Dowry Harassment,High
My in-laws insult me in front of guests,Dowry Harassment,Medium
I am threatened with legal issues over dowry claims,Dowry Harassment,High
My family is shamed publicly for not meeting demands,Dowry Harassment,Medium
I am pressured to buy expensive gifts repeatedly,Dowry Harassment,High
My husband constantly complains about my family’s contributions,Dowry Harassment,Medium
I am emotionally abused over dowry matters,Dowry Harassment,Medium
My in-laws blame me for financial inadequacy,Dowry Harassment,Medium
I am forced to work extra to meet monetary demands,Dowry Harassment,High
My husband threatens property seizure over dowry issues,Dowry Harassment,High
I am insulted for not bringing a car or vehicle,Dowry Harassment,Medium
My in-laws demand expensive clothing and accessories,Dowry Harassment,Medium
I feel helpless due to repeated dowry pressure,Dowry Harassment,Medium
My husband constantly reminds me of my parents’ inadequacy,Dowry Harassment,Medium
I am pressured to give money to relatives for dowry,Dowry Harassment,Medium
My in-laws insult my siblings for not contributing enough,Dowry Harassment,Medium
I am forced to hand over family assets,Dowry Harassment,High
My husband threatens me if I refuse financial demands,Dowry Harassment,High
I am publicly criticized for not bringing enough cash,Dowry Harassment,Medium
My in-laws insist on additional gifts every festival,Dowry Harassment,Medium
I am threatened with divorce for failing dowry expectations,Dowry Harassment,High
My husband pressures me to increase my family’s contribution,Dowry Harassment,Medium
I am forced to satisfy unreasonable demands repeatedly,Dowry Harassment,High
My in-laws insult my lifestyle choices for dowry,Dowry Harassment,Medium
I am constantly reminded of my family’s financial shortcomings,Dowry Harassment,Medium
My husband pressures me to secure extra money secretly,Dowry Harassment,High
I am coerced to give gifts to avoid conflicts,Dowry Harassment,Medium
My in-laws ridicule my profession for not earning enough,Dowry Harassment,Medium
I feel trapped due to continuous financial threats,Dowry Harassment,High
My husband insults me for not arranging lavish events,Dowry Harassment,Medium
I am pressured to provide gold or jewelry frequently,Dowry Harassment,High
My family is blamed publicly for financial insufficiency,Dowry Harassment,Medium
I am forced to meet additional expectations by relatives,Dowry Harassment,Medium
My husband constantly compares me to wealthier brides,Dowry Harassment,Medium
I am threatened with property or asset loss,Dowry Harassment,High
My in-laws demand expensive home renovations,Dowry Harassment,Medium
I am pressured to secure loans to satisfy demands,Dowry Harassment,High
My husband humiliates me for insufficient contributions,Dowry Harassment,Medium
I am coerced to fulfill unreasonable financial expectations,Dowry Harassment,High
My in-laws pressure me to provide luxury items,Dowry Harassment,Medium
I am forced to borrow money from relatives repeatedly,Dowry Harassment,High
My husband threatens me with legal complaints over dowry,Dowry Harassment,High
I am publicly shamed for my family’s financial inability,Dowry Harassment,Medium
My in-laws demand extravagant gifts on all occasions,Dowry Harassment,High
I am forced to meet their monetary demands secretly,Dowry Harassment,High
My husband pressures me to take loans for gifts,Dowry Harassment,High
I am ridiculed for not fulfilling family expectations,Dowry Harassment,Medium
My in-laws insult my education and family background,Dowry Harassment,Medium
I am pressured to satisfy dowry expectations continually,Dowry Harassment,High
My husband threatens me if I fail to meet demands,Dowry Harassment,High
I am forced to provide additional assets secretly,Dowry Harassment,High
My in-laws criticize my appearance for not bringing enough,Dowry Harassment,Medium
I am constantly coerced to give more money or gifts,Dowry Harassment,High
My husband pressures me to increase financial contributions,Dowry Harassment,High
I am publicly humiliated for failing dowry expectations,Dowry Harassment,Medium
My in-laws threaten social shame if demands are not met,Dowry Harassment,High
I am pressured to satisfy family expectations continually,Dowry Harassment,High
My husband constantly reminds me of financial obligations,Dowry Harassment,Medium
I am forced to borrow money to meet repeated demands,Dowry Harassment,High
My in-laws insult my family for not giving enough dowry,Dowry Harassment,Medium
I am coerced to give valuables repeatedly,Dowry Harassment,High
My husband threatens divorce if I fail dowry expectations,Dowry Harassment,High
I feel emotionally trapped due to dowry pressure,Dowry Harassment,Medium
My in-laws demand expensive household items repeatedly,Dowry Harassment,High
"I am pressured to provide gold, cash, and gifts",Dowry Harassment,High
My husband humiliates me for insufficient contributions,Dowry Harassment,Medium
I am forced to satisfy dowry demands continuously,Dowry Harassment,High
My in-laws ridicule my family for not giving enough money,Dowry Harassment,Medium
I am coerced to provide additional valuables secretly,Dowry Harassment,High
My husband threatens legal action for not fulfilling expectations,Dowry Harassment,High
I am publicly criticized for failing financial expectations,Dowry Harassment,Medium
My in-laws pressure me to give gifts regularly,Dowry Harassment,High
I am forced to borrow money repeatedly to satisfy dowry,Dowry Harassment,High
My husband pressures me to secure extra financial support,Dowry Harassment,High
I am emotionally blackmailed over monetary issues,Dowry Harassment,Medium
My in-laws insult my family for not giving enough gifts,Dowry Harassment,Medium
I am coerced to meet impossible financial demands,Dowry Harassment,High
My husband humiliates me publicly for insufficient dowry,Dowry Harassment,Medium
I am forced to give gifts secretly to satisfy family demands,Dowry Harassment,High
My in-laws pressure me to arrange extravagant celebrations,Dowry Harassment,High
I am threatened with divorce over dowry disputes,Dowry Harassment,High
My husband ridicules me for not fulfilling family expectations,Dowry Harassment,Medium
I am coerced to provide cash and gifts repeatedly,Dowry Harassment,High
My in-laws criticize me for not bringing luxury items,Dowry Harassment,Medium
I feel emotionally drained due to constant financial pressure,Dowry Harassment,Medium
My husband pressures me to borrow money for dowry,Dowry Harassment,High
I am forced to satisfy repeated financial demands,Dowry Harassment,High
My in-laws threaten public humiliation if demands are not met,Dowry Harassment,High
"I am coerced to provide gold, cash, and other assets",Dowry Harassment,High
My husband constantly reminds me of family obligations,Dowry Harassment,Medium
I am pressured to provide more than agreed during marriage,Dowry Harassment,High
My in-laws ridicule my family for financial shortcomings,Dowry Harassment,Medium
I am forced to meet dowry expectations secretly,Dowry Harassment,High
My husband threatens divorce for not fulfilling demands,Dowry Harassment,High
I am coerced to give valuables repeatedly,Dowry Harassment,High
My in-laws pressure me to give more gifts constantly,Dowry Harassment,High
I feel trapped emotionally due to repeated dowry threats,Dowry Harassment,Medium
My husband ridicules me for not meeting family expectations,Dowry Harassment,Medium
I am pressured to meet impossible monetary demands,Dowry Harassment,High
My in-laws threaten public embarrassment if demands are ignored,Dowry Harassment,High
I am forced to provide extra financial support secretly,Dowry Harassment,High
My husband pressures me to borrow money to satisfy dowry,Dowry Harassment,High
I am coerced to meet repeated financial obligations,Dowry Harassment,High
My in-laws insult my family publicly for financial inadequacy,Dowry Harassment,Medium
I am emotionally blackmailed over monetary and property issues,Dowry Harassment,Medium
My husband humiliates me for insufficient dowry contributions,Dowry Harassment,Medium
I am forced to provide assets repeatedly to satisfy demands,Dowry Harassment,High
My in-laws pressure me for gifts during all occasions,Dowry Harassment,High
I am threatened with divorce and social embarrassment,Dowry Harassment,High
My husband constantly reminds me of family obligations,Dowry Harassment,Medium
I am coerced to provide valuables repeatedly,Dowry Harassment,High
My in-laws ridicule me publicly for financial shortcomings,Dowry Harassment,Medium
I am forced to meet dowry demands secretly,Dowry Harassment,High
My husband threatens legal action for not meeting demands,Dowry Harassment,High
I feel emotionally trapped due to constant dowry pressure,Dowry Harassment,Medium
My in-laws pressure me to satisfy impossible financial demands,Dowry Harassment,High
I am coerced to give money and gifts repeatedly,Dowry Harassment,High
My husband humiliates me publicly for insufficient contributions,Dowry Harassment,Medium
I am forced to provide valuables to satisfy repeated demands,Dowry Harassment,High
My in-laws threaten social humiliation for unmet expectations,Dowry Harassment,High
My parents beat me for minor mistakes,Child Abuse,High
I am forced to work at home instead of studying,Child Abuse,Medium
I am verbally insulted daily by my father,Child Abuse,Medium
My mother threatens to send me away if I disobey,Child Abuse,High
I am neglected when I am sick,Child Abuse,High
I am not allowed to eat properly at home,Child Abuse,High
I am physically punished for small errors,Child Abuse,High
My guardian insults me in front of relatives,Child Abuse,Medium
I am denied education because of family financial pressure,Child Abuse,High
I am constantly scared of being beaten,Child Abuse,High
My father shouts at me for asking questions,Child Abuse,Medium
I am locked in a room as punishment,Child Abuse,High
My parents ignore my emotional needs,Child Abuse,Medium
I am forced to do chores beyond my capacity,Child Abuse,Medium
I am called useless or worthless regularly,Child Abuse,Medium
My mother threatens me with harm if I misbehave,Child Abuse,High
I am not allowed to play or socialize,Child Abuse,Medium
I am insulted for being weak or clumsy,Child Abuse,Medium
My guardian restricts food as punishment,Child Abuse,High
I am forced to apologize repeatedly for small mistakes,Child Abuse,Medium
I am physically restrained when I resist,Child Abuse,High
My father uses threats to control me,Child Abuse,High
I am punished for being honest,Child Abuse,Medium
I am neglected emotionally when upset,Child Abuse,Medium
I am forced to do labor instead of attending school,Child Abuse,High
My parents mock me for poor performance,Child Abuse,Medium
I am denied basic needs as punishment,Child Abuse,High
I am physically hurt for not following instructions,Child Abuse,High
My guardian constantly shouts at me,Child Abuse,Medium
I am punished for trivial things,Child Abuse,Medium
I am humiliated in front of family members,Child Abuse,Medium
My father threatens me with severe harm,Child Abuse,High
I am forced to skip meals for punishment,Child Abuse,High
I am not allowed to express my feelings,Child Abuse,Medium
I am insulted for asking for help,Child Abuse,Medium
I am neglected when injured,Child Abuse,High
I am constantly criticized at home,Child Abuse,Medium
I am forced to work instead of resting,Child Abuse,Medium
My parents call me names that hurt,Child Abuse,Medium
I am punished physically for small mistakes,Child Abuse,High
I am denied medical attention when needed,Child Abuse,High
My guardian threatens me to control behavior,Child Abuse,High
I am prevented from playing with friends,Child Abuse,Medium
I am insulted for making mistakes at school,Child Abuse,Medium
I am forced to perform adult responsibilities,Child Abuse,Medium
I am punished for asking questions,Child Abuse,Medium
My father threatens me with physical harm,Child Abuse,High
I am denied love and affection,Child Abuse,Medium
I am forced to apologize for no reason,Child Abuse,Medium
I am beaten when I refuse chores,Child Abuse,High
I am constantly shouted at,Child Abuse,Medium
My mother humiliates me publicly,Child Abuse,Medium
I am forced to take blame for sibling’s mistakes,Child Abuse,Medium
I am physically hurt for being late,Child Abuse,High
I am denied rest as punishment,Child Abuse,Medium
I am neglected when crying,Child Abuse,High
I am threatened to remain silent,Child Abuse,Medium
My father insults my appearance,Child Abuse,Medium
I am forced to work beyond my age,Child Abuse,High
I am beaten for speaking out,Child Abuse,High
I am punished for not completing homework,Child Abuse,High
I am emotionally humiliated at home,Child Abuse,Medium
I am denied food when I misbehave,Child Abuse,High
I am forced to do chores at night,Child Abuse,Medium
I am insulted for asking questions,Child Abuse,Medium
I am physically punished for minor mistakes,Child Abuse,High
I am threatened when expressing feelings,Child Abuse,Medium
My guardian uses violence to scare me,Child Abuse,High
I am not allowed to rest properly,Child Abuse,Medium
I am forced to work for relatives,Child Abuse,High
I am insulted for not performing well,Child Abuse,Medium
I am threatened with severe punishment,Child Abuse,High
I am constantly criticized,Child Abuse,Medium
I am beaten when I resist chores,Child Abuse,High
My parents humiliate me publicly,Child Abuse,Medium
I am emotionally neglected,Child Abuse,Medium
I am forced to work instead of studying,Child Abuse,High
I am punished for being honest,Child Abuse,Medium
I am denied care when sick,Child Abuse,High
I am insulted for my mistakes,Child Abuse,Medium
I am forced to apologize repeatedly,Child Abuse,Medium
I am physically punished for small errors,Child Abuse,High
I am threatened with violence for disobedience,Child Abuse,High
I am denied social interaction,Child Abuse,Medium
I am constantly insulted,Child Abuse,Medium
I am forced to take blame for others,Child Abuse,Medium
I am beaten for minor misbehavior,Child Abuse,High
I am neglected emotionally,Child Abuse,Medium
I am forced to work instead of resting,Child Abuse,Medium
I am insulted publicly,Child Abuse,Medium
I am physically restrained for resistance,Child Abuse,High
I am denied care when injured,Child Abuse,High
I am emotionally humiliated,Child Abuse,Medium
I am forced to do chores at night,Child Abuse,Medium
I am punished for expressing feelings,Child Abuse,Medium
I am beaten for not following instructions,Child Abuse,High
I am threatened with severe punishment,Child Abuse,High
I am constantly criticized for behavior,Child Abuse,Medium
I am insulted by guardians,Child Abuse,Medium
I am forced to perform adult tasks,Child Abuse,Medium
I am denied love and care,Child Abuse,Medium
I am beaten for minor mistakes,Child Abuse,High
I am neglected when sick,Child Abuse,High
I am constantly threatened,Child Abuse,Medium
I am forced to apologize unnecessarily,Child Abuse,Medium
I am physically punished for small mistakes,Child Abuse,High
I am emotionally intimidated,Child Abuse,Medium
I am denied rest,Child Abuse,Medium
I am forced to work for adults,Child Abuse,High
I am insulted for not performing well,Child Abuse,Medium
I am threatened for minor misbehavior,Child Abuse,Medium
I am beaten for not obeying,Child Abuse,High
I am neglected emotionally and physically,Child Abuse,High
I am forced to do excessive chores,Child Abuse,Medium
I am insulted for asking questions,Child Abuse,Medium
I am physically punished for minor errors,Child Abuse,High
I am emotionally humiliated,Child Abuse,Medium
I am forced to work instead of studying,Child Abuse,High
I am denied proper care when sick,Child Abuse,High
I am beaten for minor mistakes,Child Abuse,High
I am constantly insulted,Child Abuse,Medium
I am forced to apologize repeatedly,Child Abuse,Medium
I am threatened with violence,Child Abuse,High
I am denied love and care,Child Abuse,Medium
I am punished for expressing feelings,Child Abuse,Medium
I am physically restrained for minor resistance,Child Abuse,High
I am neglected when I cry,Child Abuse,High
I am forced to do adult tasks,Child Abuse,Medium
I am insulted publicly,Child Abuse,Medium
I am constantly beaten for small mistakes,Child Abuse,High
I am emotionally neglected,Child Abuse,Medium
I am forced to work beyond capacity,Child Abuse,High
I am insulted for mistakes,Child Abuse,Medium
I am punished unnecessarily,Child Abuse,Medium
I am physically hurt for minor misbehavior,Child Abuse,High
I am threatened constantly,Child Abuse,Medium
I am denied rest and care,Child Abuse,Medium
I am forced to take blame for siblings,Child Abuse,Medium
I am beaten for disobedience,Child Abuse,High
I am emotionally humiliated daily,Child Abuse,Medium
I am forced to do chores instead of studying,Child Abuse,High
I am neglected when ill,Child Abuse,High
I am insulted constantly,Child Abuse,Medium
I am forced to apologize repeatedly,Child Abuse,Medium
I am physically punished,Child Abuse,High
I am threatened with severe punishment,Child Abuse,High
I am denied love and emotional support,Child Abuse,Medium
I am forced to do adult tasks,Child Abuse,Medium
I am insulted publicly,Child Abuse,Medium
I am beaten for minor mistakes,Child Abuse,High
I am neglected emotionally,Child Abuse,Medium
I am forced to work beyond my capacity,Child Abuse,High
I am insulted for minor errors,Child Abuse,Medium
I am punished unnecessarily,Child Abuse,Medium
I am physically hurt for small mistakes,Child Abuse,High
I am constantly threatened,Child Abuse,Medium
I am denied rest and care,Child Abuse,Medium
I am forced to take blame for sibling mistakes,Child Abuse,Medium
I am beaten for disobedience,Child Abuse,High
A stranger follows me home every day,Stalking/Threat,High
I receive threatening messages online,Stalking/Threat,High
Someone repeatedly calls me at odd hours,Stalking/Threat,Medium
I am being watched when I leave my house,Stalking/Threat,High
A person sends me emails threatening harm,Stalking/Threat,High
I am approached repeatedly by someone I told to leave me alone,Stalking/Threat,Medium
Someone takes photos of me without consent,Stalking/Threat,Medium
I receive anonymous threats about my safety,Stalking/Threat,High
A colleague follows me after work,Stalking/Threat,Medium
Someone loiters near my house constantly,Stalking/Threat,High
I am threatened verbally in public places,Stalking/Threat,Medium
Someone threatens to damage my property,Stalking/Threat,High
I am repeatedly harassed by a person from social media,Stalking/Threat,Medium
A stranger waits outside my workplace,Stalking/Threat,High
Someone threatens me through phone calls,Stalking/Threat,High
I receive repeated messages demanding my attention,Stalking/Threat,Medium
A person repeatedly shows up at my school,Stalking/Threat,Medium
Someone threatens to harm my family,Stalking/Threat,High
I feel unsafe due to a person following me,Stalking/Threat,High
Someone is tracking my movements online,Stalking/Threat,High
I receive threatening letters anonymously,Stalking/Threat,High
A person repeatedly blocks my way on streets,Stalking/Threat,Medium
Someone threatens me physically at home,Stalking/Threat,High
I am constantly watched when I go out,Stalking/Threat,High
A person threatens me through social media posts,Stalking/Threat,Medium
I receive repeated unwanted gifts from someone,Stalking/Threat,Medium
Someone threatens to harm my pets,Stalking/Threat,Medium
I am harassed through text messages,Stalking/Threat,Medium
A stranger waits for me near bus stops,Stalking/Threat,High
Someone repeatedly follows me while shopping,Stalking/Threat,Medium
I receive calls with threats of violence,Stalking/Threat,High
A person constantly appears where I am,Stalking/Threat,Medium
Someone threatens me verbally in public,Stalking/Threat,Medium
I am stalked online through social media accounts,Stalking/Threat,High
A stranger watches me at night,Stalking/Threat,High
Someone threatens to leak personal information,Stalking/Threat,High
I receive repeated messages asking for meetings,Stalking/Threat,Medium
A person waits near my school repeatedly,Stalking/Threat,Medium
Someone threatens me by following me home,Stalking/Threat,High
I feel scared due to constant threats,Stalking/Threat,High
Someone stalks me while I walk in my neighborhood,Stalking/Threat,High
I receive anonymous calls threatening harm,Stalking/Threat,High
A person repeatedly shows up at my office,Stalking/Threat,Medium
Someone threatens my safety directly,Stalking/Threat,High
I am stalked through phone GPS tracking,Stalking/Threat,High
Someone threatens me via messages on apps,Stalking/Threat,Medium
I am followed when leaving work,Stalking/Threat,Medium
A person threatens me in public spaces,Stalking/Threat,Medium
Someone watches me when I am outside,Stalking/Threat,High
I receive repeated threatening emails,Stalking/Threat,High
A person constantly stalks me physically,Stalking/Threat,High
Someone threatens me verbally in my neighborhood,Stalking/Threat,Medium
I am monitored online by someone repeatedly,Stalking/Threat,High
Someone follows me to social events,Stalking/Threat,Medium
I receive repeated threats for not responding,Stalking/Threat,Medium
A person blocks my route repeatedly,Stalking/Threat,Medium
Someone threatens to harm me through calls,Stalking/Threat,High
I am constantly followed by a stranger,Stalking/Threat,High
Someone threatens to reveal my personal information,Stalking/Threat,High
I feel unsafe due to repeated stalking,Stalking/Threat,High
Someone follows me home daily,Stalking/Threat,High
I receive threats from someone unknown,Stalking/Threat,High
A person waits outside my office repeatedly,Stalking/Threat,Medium
Someone stalks me online through photos and tags,Stalking/Threat,High
I am verbally threatened in public repeatedly,Stalking/Threat,Medium
A stranger waits near my house at night,Stalking/Threat,High
Someone threatens to harm my family members,Stalking/Threat,High
I am stalked through my social media posts,Stalking/Threat,High
A person constantly watches my movements,Stalking/Threat,High
Someone threatens me if I refuse to meet them,Stalking/Threat,High
I feel unsafe due to persistent stalking,Stalking/Threat,High
Someone tracks my location without permission,Stalking/Threat,High
I am threatened verbally and emotionally,Stalking/Threat,Medium
A person constantly follows me at work,Stalking/Threat,Medium
Someone threatens me online daily,Stalking/Threat,Medium
I am stalked during travel by unknown individuals,Stalking/Threat,High
Someone sends repeated threatening calls and messages,Stalking/Threat,High
I am constantly monitored in public areas,Stalking/Threat,High
A stranger follows me during evening walks,Stalking/Threat,High
Someone threatens to physically harm me,Stalking/Threat,High
I receive anonymous threats through letters,Stalking/Threat,High
Someone stalks me near my school repeatedly,Stalking/Threat,Medium
I feel scared due to constant online monitoring,Stalking/Threat,High
Someone threatens me through repeated messages,Stalking/Threat,Medium
I am stalked by a person I asked to leave me alone,Stalking/Threat,High
A stranger waits outside my office frequently,Stalking/Threat,Medium
Someone threatens me physically if I refuse,Stalking/Threat,High
I am followed while traveling by unknown person,Stalking/Threat,High
Someone stalks me online through private accounts,Stalking/Threat,High
I receive repeated messages threatening harm,Stalking/Threat,High
A person constantly monitors my daily routine,Stalking/Threat,High
Someone threatens me through phone calls regularly,Stalking/Threat,High
I feel unsafe due to persistent stalking,Stalking/Threat,High
Someone follows me to social gatherings repeatedly,Stalking/Threat,Medium
I am stalked physically and online,Stalking/Threat,High
Someone threatens me verbally and emotionally,Stalking/Threat,Medium
I am constantly monitored by someone unknown,Stalking/Threat,High
A person waits near my house daily,Stalking/Threat,High
Someone threatens my safety repeatedly,Stalking/Threat,High
I am stalked through social media constantly,Stalking/Threat,High
Someone follows me to work repeatedly,Stalking/Threat,Medium
I receive repeated threats through messages,Stalking/Threat,High
A person constantly stalks me at home,Stalking/Threat,High
Someone threatens my family if I refuse,Stalking/Threat,High
I am monitored online and offline,Stalking/Threat,High
Someone follows me everywhere I go,Stalking/Threat,High
I feel unsafe due to repeated threats,Stalking/Threat,High
Someone stalks me during daily routines,Stalking/Threat,High
I am threatened physically and verbally,Stalking/Threat,High
A stranger follows me repeatedly to intimidate,Stalking/Threat,High
Someone sends repeated threatening emails,Stalking/Threat,High
I am constantly watched by unknown individuals,Stalking/Threat,High
Someone threatens me via social media daily,Stalking/Threat,High
I am stalked constantly in public and online,Stalking/Threat,High
Someone threatens me if I refuse meetings,Stalking/Threat,High
I feel unsafe due to repeated physical stalking,Stalking/Threat,High
Someone monitors my movements persistently,Stalking/Threat,High
I am stalked online and offline by same person,Stalking/Threat,High
Someone sends threats repeatedly through messages and calls,Stalking/Threat,High
I am stalked while traveling and at home,Stalking/Threat,High
Someone threatens me continuously,Stalking/Threat,High
I feel unsafe due to repeated stalking incidents,Stalking/Threat,High
Someone follows me to intimidate or scare,Stalking/Threat,High
I receive repeated threats daily,Stalking/Threat,High
Someone monitors my online activity constantly,Stalking/Threat,High
"I am stalked in public, home, and online",Stalking/Threat,High
Someone threatens me verbally and physically repeatedly,Stalking/Threat,High
I feel unsafe daily due to persistent stalking,Stalking/Threat,High
A stranger touched me inappropriately on public transport,Sexual Assault,High
I was molested at a party by a known person,Sexual Assault,High
My colleague made unwanted sexual advances at work,Sexual Assault,High
I received explicit messages from someone I barely know,Sexual Assault,Medium
A family member forced physical intimacy,Sexual Assault,High
I was threatened to stay silent about sexual abuse,Sexual Assault,High
Someone tried to kiss me against my will,Sexual Assault,High
A person groped me in a crowded place,Sexual Assault,High
I am forced to tolerate sexual comments at work,Sexual Assault,Medium
A stranger followed me with sexual intent,Sexual Assault,High
I received unwanted sexual images online,Sexual Assault,Medium
My partner forced sexual acts without consent,Sexual Assault,High
I was harassed sexually by a teacher,Sexual Assault,High
Someone exposed private sexual content of mine,Sexual Assault,High
I was coerced to send sexual images,Sexual Assault,High
A colleague repeatedly made sexual jokes at me,Sexual Assault,Medium
I was groped in a public park,Sexual Assault,High
Someone tried to touch me while I was asleep,Sexual Assault,High
I received threats after rejecting sexual advances,Sexual Assault,High
A family friend attempted sexual assault,Sexual Assault,High
I was molested on my way home,Sexual Assault,High
Someone made sexual advances at school,Sexual Assault,High
I was threatened with sexual exploitation,Sexual Assault,High
My ex-partner forced sexual acts,Sexual Assault,High
I am constantly harassed sexually at workplace,Sexual Assault,High
Someone stalks me with sexual intent,Sexual Assault,High
I was physically assaulted sexually in a bus,Sexual Assault,High
A stranger tried to assault me in a park,Sexual Assault,High
I received persistent sexual messages online,Sexual Assault,Medium
Someone touched me inappropriately at a social event,Sexual Assault,High
I was coerced into sexual acts by a known person,Sexual Assault,High
My boss tried to touch me sexually,Sexual Assault,High
Someone threatened to share sexual content of mine,Sexual Assault,High
I was molested by a relative,Sexual Assault,High
Someone forced sexual activity at home,Sexual Assault,High
I received unwanted sexual advances online,Sexual Assault,Medium
A stranger tried to assault me in public,Sexual Assault,High
I was sexually harassed at my college,Sexual Assault,High
Someone forced sexual acts under threats,Sexual Assault,High
I am threatened sexually by a coworker,Sexual Assault,High
Someone tried to kiss me forcefully,Sexual Assault,High
I received sexual threats from an acquaintance,Sexual Assault,High
A person groped me in public,Sexual Assault,High
I was coerced to participate in sexual activity,Sexual Assault,High
My partner forced sexual activity without consent,Sexual Assault,High
I received sexual messages after rejecting advances,Sexual Assault,Medium
Someone exposed themselves to me forcibly,Sexual Assault,High
I was molested at a social gathering,Sexual Assault,High
A colleague made sexual remarks continuously,Sexual Assault,Medium
I was threatened after refusing sexual favors,Sexual Assault,High
Someone attempted sexual assault at my workplace,Sexual Assault,High
I received persistent sexual calls,Sexual Assault,Medium
A stranger touched me inappropriately in public,Sexual Assault,High
I was coerced into sexual activity by threats,Sexual Assault,High
Someone stalked me with sexual intentions,Sexual Assault,High
I received unsolicited sexual content online,Sexual Assault,Medium
A known person forced sexual acts,Sexual Assault,High
I was harassed sexually by a senior at work,Sexual Assault,High
Someone made continuous sexual comments,Sexual Assault,Medium
I was molested at a friend’s place,Sexual Assault,High
A stranger tried to touch me sexually,Sexual Assault,High
I received sexual threats after refusing advances,Sexual Assault,High
Someone groped me in public transport,Sexual Assault,High
I was forced to participate in sexual activity by family member,Sexual Assault,High
Someone tried to sexually assault me at home,Sexual Assault,High
I received unwanted sexual advances repeatedly,Sexual Assault,Medium
A stranger stalked me with sexual intent,Sexual Assault,High
I was coerced into sending sexual content,Sexual Assault,High
Someone harassed me sexually at college,Sexual Assault,High
I received persistent sexual emails,Sexual Assault,Medium
A colleague touched me inappropriately,Sexual Assault,High
I was threatened after rejecting sexual acts,Sexual Assault,High
Someone forced sexual activity under threat,Sexual Assault,High
I received sexual advances from a family member,Sexual Assault,High
A stranger attempted sexual assault repeatedly,Sexual Assault,High
I was groped by someone I know,Sexual Assault,High
Someone tried to kiss me against my will,Sexual Assault,High
I received continuous sexual messages online,Sexual Assault,Medium
A senior attempted sexual assault at workplace,Sexual Assault,High
I was coerced into sexual activity by partner,Sexual Assault,High
Someone threatened me sexually for refusing,Sexual Assault,High
I was harassed sexually in public,Sexual Assault,High
A stranger followed me with sexual intentions,Sexual Assault,High
I was forced to participate in sexual acts,Sexual Assault,High
Someone tried to molest me at night,Sexual Assault,High
I received sexual threats repeatedly,Sexual Assault,High
A known person groped me,Sexual Assault,High
I was coerced to send sexual images,Sexual Assault,High
Someone stalked me with sexual intent,Sexual Assault,High
I received continuous sexual messages,Sexual Assault,Medium
A family member forced sexual acts,Sexual Assault,High
I was molested at a friend’s gathering,Sexual Assault,High
Someone threatened me to accept sexual advances,Sexual Assault,High
I received unsolicited sexual content,Sexual Assault,Medium
A stranger attempted sexual assault on the street,Sexual Assault,High
I was forced to participate in sexual activity,Sexual Assault,High
Someone touched me sexually without consent,Sexual Assault,High
I received sexual threats online,Sexual Assault,Medium
A colleague made repeated sexual remarks,Sexual Assault,Medium
I was coerced into sexual activity by acquaintance,Sexual Assault,High
Someone tried to assault me at my home,Sexual Assault,High
I received sexual threats from a stranger,Sexual Assault,High
A known person forced sexual acts repeatedly,Sexual Assault,High
I was molested at a public place,Sexual Assault,High
Someone stalked me online and offline,Sexual Assault,High
I received unwanted sexual advances repeatedly,Sexual Assault,Medium
A stranger groped me in public,Sexual Assault,High
I was threatened with sexual harm by family member,Sexual Assault,High
Someone tried to kiss me forcibly,Sexual Assault,High
I received sexual harassment messages online,Sexual Assault,Medium
A colleague touched me inappropriately at office,Sexual Assault,High
I was coerced into sexual activity at a party,Sexual Assault,High
Someone threatened me sexually after refusal,Sexual Assault,High
I was harassed sexually by a known person,Sexual Assault,High
A stranger tried sexual assault at night,Sexual Assault,High
I received unwanted sexual calls repeatedly,Sexual Assault,Medium
Someone molested me in public,Sexual Assault,High
I was coerced into sending sexual content,Sexual Assault,High
A known person forced sexual acts,Sexual Assault,High
I received persistent sexual threats,Sexual Assault,High
A stranger stalked me physically,Sexual Assault,High
I was groped at a social gathering,Sexual Assault,High
Someone made unwanted sexual advances,Sexual Assault,Medium
I was threatened with sexual harm by stranger,Sexual Assault,High
A colleague harassed me sexually continuously,Sexual Assault,Medium
I was coerced into sexual acts repeatedly,Sexual Assault,High
Someone stalked me online and threatened harm,Sexual Assault,High
I received sexual threats after refusal,Sexual Assault,High
A stranger forced sexual acts,Sexual Assault,High
I was groped by a family acquaintance,Sexual Assault,High
Someone sent sexual images without consent,Sexual Assault,High
I was coerced into sexual activity by stranger,Sexual Assault,High
A known person stalked me with sexual intent,Sexual Assault,High
I received continuous sexual harassment,Sexual Assault,Medium
A colleague forced sexual activity,Sexual Assault,High
I was threatened sexually after rejecting advances,Sexual Assault,High
Someone touched me inappropriately at night,Sexual Assault,High
I was coerced to send sexual images repeatedly,Sexual Assault,High
A stranger stalked me physically and online,Sexual Assault,High
I received unwanted sexual messages daily,Sexual Assault,Medium
Someone forced sexual acts repeatedly,Sexual Assault,High
I was molested at a friend’s party,Sexual Assault,High
A known person threatened sexual harm,Sexual Assault,High
I was stalked by stranger continuously,Sexual Assault,High
Someone attempted sexual assault repeatedly,Sexual Assault,High
I received repeated sexual harassment online,Sexual Assault,Medium
A colleague made sexual advances repeatedly,Sexual Assault,High
I was coerced into sexual activity by partner,Sexual Assault,High
Someone sent threatening sexual messages,Sexual Assault,High
I was groped by someone I barely knew,Sexual Assault,High
A stranger attempted sexual assault,Sexual Assault,High
I received continuous sexual harassment calls,Sexual Assault,Medium
Someone forced sexual acts under threat,Sexual Assault,High
I was stalked physically and online,Sexual Assault,High
A known person threatened sexual harm repeatedly,Sexual Assault,High
I received sexual threats continuously,Sexual Assault,High
Someone coerced me into sexual activity repeatedly,Sexual Assault,High
I was groped in public repeatedly,Sexual Assault,High
A stranger forced sexual activity,Sexual Assault,High
I received sexual threats from an acquaintance,Sexual Assault,High
Someone stalked me continuously,Sexual Assault,High
I was molested at a social gathering repeatedly,Sexual Assault,High
A colleague made sexual advances,Sexual Assault,High
I was threatened with sexual harm repeatedly,Sexual Assault,High
Someone forced sexual acts continuously,Sexual Assault,High
I received repeated sexual harassment messages,Sexual Assault,Medium
A stranger stalked me physically and online,Sexual Assault,High
I was coerced into sexual activity repeatedly,Sexual Assault,High
My colleague sent threatening messages online,Cyber Crime,Medium
A stranger followed me home multiple times,Stalking/Threat,High
I was forced to apologize for minor mistakes at home,Domestic Violence,Medium
Someone touched me inappropriately at a public event,Sexual Assault,High
I am forced to do household work instead of studying,Child Abuse,High
A coworker constantly makes sexual remarks,Workplace Harassment,Medium
My father threatened to harm me if I told anyone,Domestic Violence,High
Someone hacked my social media account and posted private photos,Cyber Crime,High
I was stalked online after rejecting someone’s advances,Stalking/Threat,High
My sister was physically punished for minor mistakes,Child Abuse,High
A stranger tried to assault me at night,Sexual Assault,High
My boss constantly insults me publicly,Workplace Harassment,Medium
Someone demanded money threatening to leak my private info,Cyber Crime,High
I was verbally insulted and restricted at home,Domestic Violence,Medium
A colleague blocked my way repeatedly at work,Workplace Harassment,Medium
I was molested by a known person at a gathering,Sexual Assault,High
Someone threatened my family to force me to obey,Stalking/Threat,High
I am forced to do labor instead of attending school,Child Abuse,High
My husband shouts and hits me for small issues,Domestic Violence,High
I received unwanted sexual messages from a stranger online,Sexual Assault,Medium
A stranger followed me while walking to school,Stalking/Threat,High
My coworker spreads false rumors about me at work,Workplace Harassment,Medium
